timestamp,station_id,bike_count,bus_count,temperature,humidity,pm25
2026-05-01 00:00:00,ST_01,12,0,9.31,88.9,29.1
2026-05-01 01:00:00,ST_01,15,0,7.78,99.1,26.0
2026-05-01 02:00:00,ST_01,16,0,6.98,97.2,18.4
2026-05-01 03:00:00,ST_01,12,0,7.44,95.8,26.6
2026-05-01 04:00:00,ST_01,16,1,9.35,90.3,27.7
2026-05-01 05:00:00,ST_01,17,0,7.98,96.7,23.1
2026-05-01 06:00:00,ST_01,20,6,9.46,88.2,33.2
2026-05-01 07:00:00,ST_01,25,5,11.96,80.0,29.9
2026-05-01 08:00:00,ST_01,57,7,12.32,81.7,30.3
2026-05-01 09:00:00,ST_01,,5,17.72,65.1,29.5
2026-05-01 10:00:00,ST_01,39,8,21.31,61.5,26.8
2026-05-01 11:00:00,ST_01,19,6,19.12,72.7,27.3
2026-05-01 12:00:00,ST_01,66,7,22.65,55.0,30.6
2026-05-01 13:00:00,ST_01,53,10,22.47,66.4,29.3
2026-05-01 14:00:00,ST_01,40,6,22.34,57.5,26.8
2026-05-01 15:00:00,ST_01,50,8,23.14,66.1,27.3
2026-05-01 16:00:00,ST_01,41,8,21.35,66.7,33.4
2026-05-01 17:00:00,ST_01,103,4,18.0,76.7,26.7
2026-05-01 18:00:00,ST_01,84,7,20.48,71.5,30.1
2026-05-01 19:00:00,ST_01,35,6,16.25,76.2,30.4
2026-05-01 20:00:00,ST_01,23,2,15.35,82.0,24.3
2026-05-01 21:00:00,ST_01,18,6,12.25,81.0,29.5
2026-05-01 22:00:00,ST_01,26,2,10.98,88.1,26.3
2026-05-01 23:00:00,ST_01,21,0,12.43,85.3,22.8
2026-05-02 00:00:00,ST_01,30,0,11.05,90.0,20.4
2026-05-02 01:00:00,ST_01,18,0,6.72,100.0,29.2
2026-05-02 02:00:00,ST_01,16,0,8.9,86.2,23.0
2026-05-02 03:00:00,ST_01,15,1,10.73,91.4,23.3
2026-05-02 04:00:00,ST_01,18,0,9.19,91.8,21.2
2026-05-02 05:00:00,ST_01,21,0,12.69,83.1,22.3
2026-05-02 06:00:00,ST_01,25,7,13.16,91.8,31.5
2026-05-02 07:00:00,ST_01,28,9,14.03,88.1,31.2
2026-05-02 08:00:00,ST_01,29,4,15.32,83.3,31.1
2026-05-02 09:00:00,ST_01,31,5,18.83,74.2,24.4
2026-05-02 10:00:00,ST_01,35,4,18.58,80.6,28.0
2026-05-02 11:00:00,ST_01,37,3,20.83,60.2,24.8
2026-05-02 12:00:00,ST_01,43,4,22.67,59.2,29.4
2026-05-02 13:00:00,ST_01,41,5,21.69,72.5,25.5
2026-05-02 14:00:00,ST_01,60,4,21.19,61.5,23.9
2026-05-02 15:00:00,ST_01,52,6,19.44,76.7,34.0
2026-05-02 16:00:00,ST_01,82,5,20.81,64.1,29.7
2026-05-02 17:00:00,ST_01,21,9,19.1,75.5,32.0
2026-05-02 18:00:00,ST_01,27,6,99.0,78.6,28.1
2026-05-02 19:00:00,ST_01,22,4,15.64,73.2,26.3
2026-05-02 20:00:00,ST_01,20,6,14.27,78.6,27.8
2026-05-02 21:00:00,ST_01,37,5,14.89,83.5,30.9
2026-05-02 22:00:00,ST_01,22,6,13.6,83.0,28.5
2026-05-02 23:00:00,ST_01,17,0,11.59,85.8,24.0
2026-05-03 00:00:00,ST_01,15,0,9.63,82.3,26.0
2026-05-03 01:00:00,ST_01,13,1,8.52,88.5,26.9
2026-05-03 02:00:00,ST_01,18,0,8.12,92.3,26.1
2026-05-03 03:00:00,ST_01,11,0,,,20.3
2026-05-03 04:00:00,ST_01,19,0,11.02,87.8,21.2
2026-05-03 05:00:00,ST_01,11,0,6.58,93.5,19.4
2026-05-03 06:00:00,ST_01,16,5,11.96,91.2,27.9
2026-05-03 07:00:00,ST_01,13,6,9.15,94.2,26.8
2026-05-03 08:00:00,ST_01,28,5,16.25,88.2,31.0
2026-05-03 09:00:00,ST_01,30,4,17.23,72.2,27.4
2026-05-03 10:00:00,ST_01,30,5,17.78,75.3,
2026-05-03 11:00:00,ST_01,28,3,20.54,70.5,26.3
2026-05-03 12:00:00,ST_01,27,4,20.15,61.7,25.1
2026-05-03 13:00:00,ST_01,25,3,20.56,71.9,23.9
2026-05-03 14:00:00,ST_01,78,9,,,28.7
2026-05-03 15:00:00,ST_01,,5,20.17,80.8,23.7
2026-05-03 16:00:00,ST_01,71,5,19.67,69.8,28.3
2026-05-03 17:00:00,ST_01,29,7,20.09,68.6,28.3
2026-05-03 18:00:00,ST_01,27,3,17.31,64.4,18.5
2026-05-03 19:00:00,ST_01,35,5,16.5,75.3,30.3
2026-05-03 20:00:00,ST_01,26,5,14.09,77.5,33.8
2026-05-03 21:00:00,ST_01,,5,13.6,74.7,30.8
2026-05-03 22:00:00,ST_01,24,5,12.95,71.7,30.9
2026-05-03 23:00:00,ST_01,14,0,11.28,82.4,28.5
2026-05-04 00:00:00,ST_01,10,0,6.78,98.6,25.9
04/05/2026 01:00,ST_01,18,0,7.81,97.7,21.4
2026-05-04 02:00:00,ST_01,18,0,7.11,100.0,24.9
2026-05-04 03:00:00,ST_01,12,1,6.75,98.6,27.5
2026-05-04 04:00:00,ST_01,17,0,8.96,90.8,28.1
2026-05-04 05:00:00,ST_01,24,0,10.4,95.3,28.9
2026-05-04 06:00:00,ST_01,32,4,13.71,77.2,19.5
2026-05-04 07:00:00,ST_01,28,5,11.05,92.6,30.8
2026-05-04 08:00:00,ST_01,80,7,15.64,74.3,32.9
2026-05-04 09:00:00,ST_01,85,9,18.03,71.3,26.7
2026-05-04 10:00:00,ST_01,31,4,17.5,75.2,32.1
2026-05-04 11:00:00,ST_01,22,2,16.52,77.2,25.8
2026-05-04 12:00:00,ST_01,53,2,19.52,72.9,24.1
2026-05-04 13:00:00,ST_01,61,1,23.53,67.2,25.1
2026-05-04 14:00:00,ST_01,41,5,22.46,67.3,32.0
2026-05-04 15:00:00,ST_01,40,4,23.15,70.7,27.2
2026-05-04 16:00:00,ST_01,35,3,21.52,66.9,26.4
2026-05-04 17:00:00,ST_01,89,1,21.07,70.8,22.2
2026-05-04 18:00:00,ST_01,86,5,18.18,77.0,33.7
2026-05-04 19:00:00,ST_01,24,1,19.86,74.9,18.9
2026-05-04 20:00:00,ST_01,24,3,15.16,80.1,31.4
2026-05-04 21:00:00,ST_01,17,5,12.03,89.7,
2026-05-04 22:00:00,ST_01,27,1,11.27,85.1,23.8
04/05/2026 23:00,ST_01,25,0,10.33,92.3,23.4
2026-05-05 00:00:00,ST_01,12,0,,,19.9
05/05/2026 01:00,ST_01,14,1,7.14,96.7,25.5
2026-05-05 02:00:00,ST_01,11,0,9.02,87.5,24.0
2026-05-05 03:00:00,ST_01,9,0,7.04,98.2,20.7
2026-05-05 04:00:00,ST_01,17,0,11.6,95.8,25.4
2026-05-05 05:00:00,ST_01,18,0,10.07,98.8,23.1
2026-05-05 06:00:00,ST_01,26,5,9.83,90.6,29.8
05/05/2026 07:00,ST_01,19,9,14.06,87.8,33.1
05/05/2026 08:00,ST_01,71,5,13.99,83.1,24.1
2026-05-05 09:00:00,ST_01,98,3,19.55,75.0,30.2
2026-05-05 10:00:00,ST_01,32,5,20.31,76.7,
2026-05-05 11:00:00,ST_01,22,2,20.24,74.5,24.4
2026-05-05 12:00:00,ST_01,78,0,22.52,69.4,19.8
2026-05-05 13:00:00,ST_01,55,5,21.09,59.6,
2026-05-05 14:00:00,ST_01,36,5,22.59,58.4,29.3
2026-05-05 15:00:00,ST_01,32,3,17.8,67.6,29.3
2026-05-05 16:00:00,ST_01,22,7,18.92,76.8,33.2
2026-05-05 17:00:00,ST_01,112,2,22.32,67.6,26.9
2026-05-05 18:00:00,ST_01,94,7,19.79,63.7,33.8
05/05/2026 19:00,ST_01,29,1,13.47,80.1,23.6
2026-05-05 20:00:00,ST_01,24,2,15.15,79.2,26.4
2026-05-05 21:00:00,ST_01,21,6,13.83,79.3,33.2
2026-05-05 22:00:00,ST_01,23,6,11.38,92.0,33.2
2026-05-05 23:00:00,ST_01,14,0,8.67,90.4,20.5
2026-05-06 00:00:00,ST_01,16,0,-50.0,89.4,27.7
2026-05-06 01:00:00,ST_01,9,0,6.17,94.9,23.6
2026-05-06 02:00:00,ST_01,,0,8.04,90.0,21.3
2026-05-06 03:00:00,ST_01,14,1,8.96,83.0,27.8
2026-05-06 04:00:00,ST_01,18,0,10.67,88.4,21.6
2026-05-06 05:00:00,ST_01,17,0,7.69,92.9,23.0
2026-05-06 06:00:00,ST_01,22,2,10.36,95.1,28.5
2026-05-06 07:00:00,ST_01,21,4,13.23,79.2,24.7
2026-05-06 08:00:00,ST_01,67,1,14.16,69.4,27.1
2026-05-06 09:00:00,ST_01,74,6,14.45,90.4,30.6
2026-05-06 10:00:00,ST_01,32,5,18.63,71.7,22.4
2026-05-06 11:00:00,ST_01,29,5,19.71,66.3,32.3
2026-05-06 12:00:00,ST_01,73,4,20.29,73.3,
2026-05-06 13:00:00,ST_01,71,8,23.15,75.7,28.8
2026-05-06 14:00:00,ST_01,32,5,21.57,67.8,
2026-05-06 15:00:00,ST_01,39,4,22.92,58.4,21.2
2026-05-06 16:00:00,ST_01,35,1,19.14,68.7,19.6
2026-05-06 17:00:00,ST_01,97,3,20.91,65.3,28.3
2026-05-06 18:00:00,ST_01,97,3,21.07,63.4,28.9
2026-05-06 19:00:00,ST_01,30,4,17.99,76.9,31.2
2026-05-06 20:00:00,ST_01,32,7,17.58,68.8,27.9
06/05/2026 21:00,ST_01,18,5,10.95,84.7,25.0
2026-05-06 22:00:00,ST_01,33,4,11.47,77.0,26.3
2026-05-06 23:00:00,ST_01,12,0,7.82,100.0,22.5
2026-05-07 00:00:00,ST_01,10,0,8.1,86.4,24.5
2026-05-07 01:00:00,ST_01,17,0,7.9,87.1,26.9
2026-05-07 02:00:00,ST_01,15,0,9.93,94.1,20.2
2026-05-07 03:00:00,ST_01,13,0,7.79,100.0,31.3
2026-05-07 04:00:00,ST_01,,1,10.4,96.2,25.0
2026-05-07 05:00:00,ST_01,18,0,8.26,89.0,24.4
2026-05-07 06:00:00,ST_01,21,2,12.4,88.7,25.9
2026-05-07 07:00:00,ST_01,20,3,11.94,87.3,
2026-05-07 08:00:00,ST_01,71,6,15.35,82.8,28.6
2026-05-07 09:00:00,ST_01,82,4,16.43,74.9,28.4
2026-05-07 10:00:00,ST_01,26,7,17.3,72.9,31.0
2026-05-07 11:00:00,ST_01,35,6,19.61,74.8,30.3
2026-05-07 12:00:00,ST_01,53,7,21.2,70.8,31.4
2026-05-07 13:00:00,ST_01,54,0,23.6,58.0,26.8
2026-05-07 14:00:00,ST_01,30,4,21.58,60.8,28.1
2026-05-07 15:00:00,ST_01,40,8,23.33,59.4,30.2
2026-05-07 16:00:00,ST_01,29,7,19.69,72.0,30.2
2026-05-07 17:00:00,ST_01,,4,19.86,70.3,26.6
2026-05-07 18:00:00,ST_01,91,2,15.47,77.9,22.1
2026-05-07 19:00:00,ST_01,42,11,19.57,72.9,31.8
2026-05-07 20:00:00,ST_01,,4,16.51,80.5,25.2
2026-05-07 21:00:00,ST_01,22,5,12.15,93.1,30.9
2026-05-07 22:00:00,ST_01,19,3,11.44,89.7,28.0
2026-05-07 23:00:00,ST_01,16,0,9.72,94.1,18.1
2026-05-08 00:00:00,ST_01,15,1,7.5,92.9,25.8
2026-05-08 01:00:00,ST_01,23,0,7.71,93.4,22.3
2026-05-08 02:00:00,ST_01,20,1,8.64,95.1,28.5
2026-05-08 03:00:00,ST_01,29,0,7.84,98.1,22.0
2026-05-08 04:00:00,ST_01,15,0,7.53,92.7,21.8
2026-05-08 05:00:00,ST_01,15,0,10.03,90.1,26.4
2026-05-08 06:00:00,ST_01,17,7,9.55,87.3,30.0
2026-05-08 07:00:00,ST_01,23,5,12.42,85.3,30.6
2026-05-08 08:00:00,ST_01,66,8,14.13,80.7,31.2
2026-05-08 09:00:00,ST_01,68,3,14.42,79.9,27.1
2026-05-08 10:00:00,ST_01,22,5,18.93,78.5,28.4
2026-05-08 11:00:00,ST_01,27,6,17.39,78.3,29.9
2026-05-08 12:00:00,ST_01,57,6,22.7,60.2,27.5
2026-05-08 13:00:00,ST_01,60,3,22.47,65.1,
2026-05-08 14:00:00,ST_01,40,3,21.27,71.7,27.7
2026-05-08 15:00:00,ST_01,33,8,22.21,58.1,32.4
2026-05-08 16:00:00,ST_01,35,2,20.85,66.7,25.0
2026-05-08 17:00:00,ST_01,103,5,20.84,62.8,31.6
2026-05-08 18:00:00,ST_01,83,5,18.53,74.4,37.0
2026-05-08 19:00:00,ST_01,28,5,16.15,81.0,27.5
2026-05-08 20:00:00,ST_01,32,2,17.34,72.9,30.3
2026-05-08 21:00:00,ST_01,17,8,14.28,82.2,30.5
2026-05-08 22:00:00,ST_01,23,2,10.79,82.7,23.9
2026-05-08 23:00:00,ST_01,21,0,10.54,86.0,23.3
2026-05-09 00:00:00,ST_01,14,0,7.06,89.9,
2026-05-09 01:00:00,ST_01,15,0,6.91,99.8,23.0
2026-05-09 02:00:00,ST_01,16,0,7.9,90.4,26.3
2026-05-09 03:00:00,ST_01,20,0,8.18,87.2,29.8
2026-05-09 04:00:00,ST_01,16,0,5.81,98.7,24.7
2026-05-09 05:00:00,ST_01,9,0,11.0,85.6,22.5
2026-05-09 06:00:00,ST_01,21,6,13.34,77.0,29.5
2026-05-09 07:00:00,ST_01,21,4,14.22,80.5,25.8
2026-05-09 08:00:00,ST_01,13,4,16.72,76.5,28.8
2026-05-09 09:00:00,ST_01,30,7,19.23,70.0,31.6
2026-05-09 10:00:00,ST_01,34,2,17.05,79.3,28.8
2026-05-09 11:00:00,ST_01,36,3,21.56,69.6,22.1
2026-05-09 12:00:00,ST_01,36,3,22.51,66.8,20.4
2026-05-09 13:00:00,ST_01,32,5,21.51,79.4,26.1
2026-05-09 14:00:00,ST_01,76,3,22.94,68.7,
2026-05-09 15:00:00,ST_01,62,4,21.06,64.4,29.5
2026-05-09 16:00:00,ST_01,67,8,21.11,66.1,32.2
2026-05-09 17:00:00,ST_01,,3,20.56,72.0,23.7
2026-05-09 18:00:00,ST_01,26,7,17.34,87.2,33.7
2026-05-09 19:00:00,ST_01,20,3,14.28,85.1,26.5
2026-05-09 20:00:00,ST_01,26,6,15.6,78.4,31.9
2026-05-09 21:00:00,ST_01,25,6,12.69,74.7,24.2
2026-05-09 22:00:00,ST_01,15,6,10.99,83.8,29.2
2026-05-09 23:00:00,ST_01,15,0,8.36,89.8,28.0
2026-05-10 00:00:00,ST_01,16,0,8.17,95.5,22.4
2026-05-10 01:00:00,ST_01,20,0,11.44,87.7,24.2
2026-05-10 02:00:00,ST_01,17,0,7.76,95.0,28.1
2026-05-10 03:00:00,ST_01,18,0,9.32,89.8,22.4
2026-05-10 04:00:00,ST_01,22,0,10.79,91.8,24.7
2026-05-10 05:00:00,ST_01,26,0,9.95,90.5,24.2
2026-05-10 06:00:00,ST_01,,5,,,30.9
2026-05-10 07:00:00,ST_01,21,6,11.15,92.1,32.9
2026-05-10 08:00:00,ST_01,25,4,15.95,76.9,22.5
10/05/2026 09:00,ST_01,18,5,14.31,81.6,28.9
2026-05-10 10:00:00,ST_01,35,3,19.96,71.2,24.0
2026-05-10 11:00:00,ST_01,43,6,23.03,61.9,
2026-05-10 12:00:00,ST_01,37,4,19.97,68.2,24.1
2026-05-10 13:00:00,ST_01,35,6,21.38,70.0,31.6
2026-05-10 14:00:00,ST_01,64,6,22.99,67.7,29.7
2026-05-10 15:00:00,ST_01,74,7,20.75,61.9,29.8
2026-05-10 16:00:00,ST_01,62,4,19.93,58.5,32.4
2026-05-10 17:00:00,ST_01,28,3,19.27,76.6,27.3
2026-05-10 18:00:00,ST_01,25,5,18.93,67.9,27.7
2026-05-10 19:00:00,ST_01,34,6,16.72,70.0,25.3
2026-05-10 20:00:00,ST_01,26,3,15.66,81.3,28.6
2026-05-10 21:00:00,ST_01,20,5,12.93,79.9,25.7
2026-05-10 22:00:00,ST_01,25,6,11.46,89.9,36.7
2026-05-10 23:00:00,ST_01,20,0,9.8,83.1,21.5
2026-05-11 00:00:00,ST_01,21,0,10.37,87.8,22.6
2026-05-11 01:00:00,ST_01,19,0,9.44,88.7,20.9
2026-05-11 02:00:00,ST_01,14,0,5.09,100.0,22.3
2026-05-11 03:00:00,ST_01,9,0,7.35,98.9,21.1
2026-05-11 04:00:00,ST_01,18,0,10.92,80.3,21.3
2026-05-11 05:00:00,ST_01,13,0,10.95,93.8,21.8
2026-05-11 06:00:00,ST_01,23,3,11.44,93.2,19.6
2026-05-11 07:00:00,ST_01,30,6,13.21,86.7,30.3
2026-05-11 08:00:00,ST_01,110,6,18.53,78.1,24.1
2026-05-11 09:00:00,ST_01,114,3,18.35,70.7,27.9
2026-05-11 10:00:00,ST_01,-10,3,,,23.4
2026-05-11 11:00:00,ST_01,28,6,19.95,69.0,24.0
2026-05-11 12:00:00,ST_01,63,5,20.38,67.7,27.9
2026-05-11 13:00:00,ST_01,61,3,20.38,62.2,18.0
2026-05-11 14:00:00,ST_01,28,5,20.27,68.8,27.1
2026-05-11 15:00:00,ST_01,37,7,20.65,71.6,29.5
2026-05-11 16:00:00,ST_01,36,9,21.79,63.4,34.8
2026-05-11 17:00:00,ST_01,103,4,19.05,58.9,22.2
11/05/2026 18:00,ST_01,98,1,22.01,74.3,24.8
2026-05-11 19:00:00,ST_01,26,1,19.03,65.0,18.0
2026-05-11 20:00:00,ST_01,30,4,14.79,76.0,27.3
2026-05-11 21:00:00,ST_01,29,2,14.79,78.5,28.5
2026-05-11 22:00:00,ST_01,21,3,10.5,80.9,29.7
2026-05-11 23:00:00,ST_01,22,0,10.69,82.3,21.4
2026-05-12 00:00:00,ST_01,15,0,10.85,82.1,20.0
2026-05-12 01:00:00,ST_01,13,1,9.11,92.8,31.6
2026-05-12 02:00:00,ST_01,13,0,6.2,100.0,29.0
2026-05-12 03:00:00,ST_01,,1,7.1,100.0,22.9
12/05/2026 04:00,ST_01,,0,8.48,94.9,25.9
2026-05-12 05:00:00,ST_01,17,0,10.22,91.6,18.8
2026-05-12 06:00:00,ST_01,25,9,12.01,94.8,33.1
2026-05-12 07:00:00,ST_01,29,3,15.31,84.0,24.8
2026-05-12 08:00:00,ST_01,69,3,15.12,67.7,25.3
2026-05-12 09:00:00,ST_01,68,5,15.57,89.0,29.0
2026-05-12 10:00:00,ST_01,28,11,16.51,83.1,
2026-05-12 11:00:00,ST_01,41,4,20.4,66.5,30.5
2026-05-12 12:00:00,ST_01,,5,21.36,68.0,29.8
2026-05-12 13:00:00,ST_01,63,3,20.99,65.8,29.4
2026-05-12 14:00:00,ST_01,19,5,18.47,64.0,25.8
2026-05-12 15:00:00,ST_01,31,7,19.96,72.4,28.1
2026-05-12 16:00:00,ST_01,29,5,20.9,74.3,
2026-05-12 17:00:00,ST_01,102,3,19.81,74.9,26.0
2026-05-12 18:00:00,ST_01,95,8,20.75,65.3,34.9
2026-05-12 19:00:00,ST_01,38,4,18.04,79.5,19.0
2026-05-12 20:00:00,ST_01,22,5,11.86,87.0,32.3
2026-05-12 21:00:00,ST_01,20,9,12.12,86.2,32.7
2026-05-12 22:00:00,ST_01,21,8,12.52,82.7,37.2
2026-05-12 23:00:00,ST_01,15,0,8.91,79.6,21.6
2026-05-13 00:00:00,ST_01,17,0,9.02,89.6,24.5
2026-05-13 01:00:00,ST_01,15,0,10.02,92.1,
2026-05-13 02:00:00,ST_01,13,0,8.53,95.7,18.9
2026-05-13 03:00:00,ST_01,16,0,6.46,92.3,21.9
2026-05-13 04:00:00,ST_01,9,0,5.97,100.0,30.4
2026-05-13 05:00:00,ST_01,20,0,9.29,95.7,17.4
2026-05-13 06:00:00,ST_01,23,2,12.22,85.0,28.6
2026-05-13 07:00:00,ST_01,,6,15.34,74.5,29.3
2026-05-13 08:00:00,ST_01,64,7,14.2,92.7,37.7
2026-05-13 09:00:00,ST_01,73,5,17.14,73.4,34.2
2026-05-13 10:00:00,ST_01,20,4,17.03,81.0,28.1
2026-05-13 11:00:00,ST_01,26,5,20.16,65.6,28.4
2026-05-13 12:00:00,ST_01,57,6,21.0,68.2,30.0
13/05/2026 13:00,ST_01,49,6,18.57,65.6,30.7
2026-05-13 14:00:00,ST_01,36,4,22.4,59.8,
2026-05-13 15:00:00,ST_01,39,3,20.51,63.5,21.8
2026-05-13 16:00:00,ST_01,45,6,20.9,72.6,25.9
2026-05-13 17:00:00,ST_01,115,6,24.49,73.7,28.6
2026-05-13 18:00:00,ST_01,98,6,18.38,74.9,24.6
2026-05-13 19:00:00,ST_01,24,7,16.33,78.2,33.0
2026-05-13 20:00:00,ST_01,26,11,14.58,69.5,34.9
2026-05-13 21:00:00,ST_01,22,8,9.9,94.3,37.0
13/05/2026 22:00,ST_01,18,5,10.47,90.8,29.9
2026-05-13 23:00:00,ST_01,19,0,10.24,90.5,16.2
2026-05-14 00:00:00,ST_01,16,0,9.35,85.1,19.0
2026-05-14 01:00:00,ST_01,20,0,8.04,87.3,26.5
2026-05-14 02:00:00,ST_01,12,0,9.24,84.9,23.8
2026-05-14 03:00:00,ST_01,13,0,4.84,100.0,25.3
2026-05-14 04:00:00,ST_01,11,1,8.51,100.0,23.4
2026-05-14 05:00:00,ST_01,18,0,6.95,95.8,26.2
2026-05-14 06:00:00,ST_01,29,6,12.01,83.9,31.0
2026-05-14 07:00:00,ST_01,23,7,13.11,71.2,37.0
2026-05-14 08:00:00,ST_01,75,2,16.25,78.0,23.3
2026-05-14 09:00:00,ST_01,75,3,16.31,70.5,28.8
2026-05-14 10:00:00,ST_01,31,6,19.83,62.1,24.8
14/05/2026 11:00,ST_01,22,5,20.18,72.3,27.7
2026-05-14 12:00:00,ST_01,44,11,18.71,76.6,32.1
2026-05-14 13:00:00,ST_01,59,11,23.07,64.5,37.7
2026-05-14 14:00:00,ST_01,33,6,24.56,59.8,
2026-05-14 15:00:00,ST_01,33,6,21.99,64.9,26.3
14/05/2026 16:00,ST_01,33,2,22.24,66.7,21.8
2026-05-14 17:00:00,ST_01,107,7,20.24,68.0,28.8
2026-05-14 18:00:00,ST_01,91,9,18.1,75.0,35.1
2026-05-14 19:00:00,ST_01,26,4,19.8,67.3,32.2
2026-05-14 20:00:00,ST_01,27,8,15.92,77.9,38.8
2026-05-14 21:00:00,ST_01,23,6,13.42,82.9,35.8
2026-05-14 22:00:00,ST_01,22,6,12.3,84.8,35.3
2026-05-14 23:00:00,ST_01,13,1,6.63,95.7,34.8
2026-05-15 00:00:00,ST_01,15,0,7.95,99.9,20.5
2026-05-15 01:00:00,ST_01,14,0,8.39,94.2,26.5
2026-05-15 02:00:00,ST_01,10,0,8.8,95.9,29.0
2026-05-15 03:00:00,ST_01,23,0,9.85,85.9,
2026-05-15 04:00:00,ST_01,19,0,10.2,92.3,24.7
2026-05-15 05:00:00,ST_01,16,0,7.85,85.6,27.2
2026-05-15 06:00:00,ST_01,11,6,10.19,92.3,25.8
2026-05-15 07:00:00,ST_01,24,6,13.51,84.8,31.7
2026-05-15 08:00:00,ST_01,70,2,16.13,78.2,20.6
2026-05-15 09:00:00,ST_01,77,9,15.3,70.7,28.7
2026-05-15 10:00:00,ST_01,20,4,17.93,80.8,30.8
2026-05-15 11:00:00,ST_01,35,3,19.99,64.2,27.5
2026-05-15 12:00:00,ST_01,48,7,16.92,78.5,29.5
2026-05-15 13:00:00,ST_01,41,2,21.04,68.2,19.9
2026-05-15 14:00:00,ST_01,47,2,25.14,63.6,25.0
2026-05-15 15:00:00,ST_01,38,3,20.61,64.1,27.1
2026-05-15 16:00:00,ST_01,43,7,21.19,63.8,27.4
2026-05-15 17:00:00,ST_01,93,7,18.97,77.3,27.0
2026-05-15 18:00:00,ST_01,87,8,15.51,80.0,40.7
2026-05-15 19:00:00,ST_01,26,8,16.54,77.3,36.5
2026-05-15 20:00:00,ST_01,12,3,14.81,85.0,28.6
2026-05-15 21:00:00,ST_01,29,7,15.12,80.5,31.3
15/05/2026 22:00,ST_01,18,3,11.8,93.4,29.9
2026-05-15 23:00:00,ST_01,16,0,10.49,96.1,29.3
2026-05-01 00:00:00,ST_02,15,0,9.64,91.6,26.0
2026-05-01 01:00:00,ST_02,18,0,11.96,82.6,25.8
2026-05-01 02:00:00,ST_02,13,0,10.36,79.0,19.6
2026-05-01 03:00:00,ST_02,10,0,5.91,100.0,26.1
2026-05-01 04:00:00,ST_02,14,0,,,25.4
2026-05-01 05:00:00,ST_02,11,0,8.6,88.2,24.3
2026-05-01 06:00:00,ST_02,15,5,12.36,88.0,30.6
2026-05-01 07:00:00,ST_02,11,5,11.62,91.0,28.3
2026-05-01 08:00:00,ST_02,42,4,13.34,95.9,25.0
2026-05-01 09:00:00,ST_02,53,3,17.51,70.9,28.8
2026-05-01 10:00:00,ST_02,20,3,17.55,74.9,25.4
2026-05-01 11:00:00,ST_02,20,2,19.52,64.8,29.9
2026-05-01 12:00:00,ST_02,33,1,20.59,64.6,21.2
2026-05-01 13:00:00,ST_02,43,2,22.68,64.6,24.1
2026-05-01 14:00:00,ST_02,11,2,21.8,68.3,24.6
2026-05-01 15:00:00,ST_02,35,2,22.72,74.8,25.5
2026-05-01 16:00:00,ST_02,21,4,21.78,64.9,25.9
2026-05-01 17:00:00,ST_02,68,3,22.03,74.4,27.8
2026-05-01 18:00:00,ST_02,54,4,17.96,70.7,23.2
2026-05-01 19:00:00,ST_02,17,4,17.19,70.1,26.6
2026-05-01 20:00:00,ST_02,15,1,12.9,82.4,20.4
2026-05-01 21:00:00,ST_02,20,3,14.21,85.1,23.8
2026-05-01 22:00:00,ST_02,16,3,,,27.2
2026-05-01 23:00:00,ST_02,12,1,8.82,94.5,28.6
2026-05-02 00:00:00,ST_02,15,0,8.73,88.1,27.7
2026-05-02 01:00:00,ST_02,16,0,7.62,92.6,25.5
2026-05-02 02:00:00,ST_02,18,0,8.18,95.6,21.3
2026-05-02 03:00:00,ST_02,13,0,9.76,86.7,27.7
2026-05-02 04:00:00,ST_02,14,0,9.0,97.4,30.8
2026-05-02 05:00:00,ST_02,18,0,11.27,92.6,21.7
2026-05-02 06:00:00,ST_02,11,4,12.07,91.9,25.6
2026-05-02 07:00:00,ST_02,24,3,14.65,79.0,24.7
2026-05-02 08:00:00,ST_02,14,2,15.03,79.7,22.1
2026-05-02 09:00:00,ST_02,19,5,18.64,75.9,25.2
2026-05-02 10:00:00,ST_02,25,2,17.02,75.4,24.9
2026-05-02 11:00:00,ST_02,,2,19.02,68.5,26.3
2026-05-02 12:00:00,ST_02,25,2,,,20.1
2026-05-02 13:00:00,ST_02,16,4,20.47,70.6,
2026-05-02 14:00:00,ST_02,34,0,19.64,71.6,20.5
2026-05-02 15:00:00,ST_02,39,3,22.71,61.4,
02/05/2026 16:00,ST_02,44,3,21.99,68.0,19.8
2026-05-02 17:00:00,ST_02,18,3,21.18,64.6,26.0
2026-05-02 18:00:00,ST_02,23,4,20.74,70.2,24.3
2026-05-02 19:00:00,ST_02,15,1,18.54,59.4,27.6
2026-05-02 20:00:00,ST_02,14,4,12.87,84.5,27.0
2026-05-02 21:00:00,ST_02,12,1,13.39,84.6,19.8
2026-05-02 22:00:00,ST_02,,7,11.39,94.8,30.9
2026-05-02 23:00:00,ST_02,10,0,7.1,95.8,29.9
2026-05-03 00:00:00,ST_02,15,0,6.7,97.1,23.9
2026-05-03 01:00:00,ST_02,12,0,8.8,91.2,23.4
03/05/2026 02:00,ST_02,12,0,7.77,97.6,25.1
2026-05-03 03:00:00,ST_02,17,0,8.8,85.1,20.7
2026-05-03 04:00:00,ST_02,10,0,9.89,93.7,25.5
2026-05-03 05:00:00,ST_02,20,0,12.29,80.6,18.4
2026-05-03 06:00:00,ST_02,9,5,13.96,88.6,26.4
03/05/2026 07:00,ST_02,17,5,14.23,72.9,32.1
2026-05-03 08:00:00,ST_02,18,4,16.18,68.8,24.0
2026-05-03 09:00:00,ST_02,25,1,18.17,69.8,19.6
2026-05-03 10:00:00,ST_02,25,3,18.09,76.2,28.2
2026-05-03 11:00:00,ST_02,20,6,18.33,78.4,29.9
2026-05-03 12:00:00,ST_02,17,3,20.23,75.4,
2026-05-03 13:00:00,ST_02,28,3,23.77,61.6,20.2
2026-05-03 14:00:00,ST_02,38,1,21.51,67.0,22.0
2026-05-03 15:00:00,ST_02,49,4,22.88,65.5,26.6
03/05/2026 16:00,ST_02,31,6,19.46,69.7,26.3
2026-05-03 17:00:00,ST_02,22,3,19.47,66.6,24.9
2026-05-03 18:00:00,ST_02,19,3,16.94,77.0,30.0
2026-05-03 19:00:00,ST_02,21,4,18.55,71.9,21.6
2026-05-03 20:00:00,ST_02,21,7,18.51,71.1,30.9
2026-05-03 21:00:00,ST_02,22,2,15.21,76.3,25.1
2026-05-03 22:00:00,ST_02,18,4,11.76,84.3,26.4
2026-05-03 23:00:00,ST_02,13,0,10.52,95.2,25.3
04/05/2026 00:00,ST_02,7,1,7.57,93.5,22.0
2026-05-04 01:00:00,ST_02,7,0,7.81,93.2,
2026-05-04 02:00:00,ST_02,7,0,6.68,98.0,22.9
2026-05-04 03:00:00,ST_02,9,1,10.37,88.9,23.7
2026-05-04 04:00:00,ST_02,12,0,10.65,89.9,23.2
2026-05-04 05:00:00,ST_02,9,0,9.62,94.2,24.4
2026-05-04 06:00:00,ST_02,12,4,10.67,84.1,26.1
2026-05-04 07:00:00,ST_02,18,1,12.49,83.8,24.7
2026-05-04 08:00:00,ST_02,55,2,17.37,73.9,26.5
04/05/2026 09:00,ST_02,53,2,18.31,70.3,27.4
2026-05-04 10:00:00,ST_02,18,4,16.92,79.0,22.1
2026-05-04 11:00:00,ST_02,16,1,24.07,63.3,23.3
2026-05-04 12:00:00,ST_02,28,4,19.22,72.6,27.7
2026-05-04 13:00:00,ST_02,31,6,22.62,68.8,31.4
04/05/2026 14:00,ST_02,25,2,22.03,61.5,22.3
2026-05-04 15:00:00,ST_02,32,2,21.53,61.1,25.0
2026-05-04 16:00:00,ST_02,23,5,20.8,73.2,29.1
2026-05-04 17:00:00,ST_02,59,3,19.4,72.4,22.8
04/05/2026 18:00,ST_02,53,2,16.81,72.5,21.9
2026-05-04 19:00:00,ST_02,17,2,18.51,78.4,26.1
2026-05-04 20:00:00,ST_02,13,0,14.02,84.2,26.3
2026-05-04 21:00:00,ST_02,10,0,9.91,97.6,21.9
2026-05-04 22:00:00,ST_02,9,4,9.09,90.6,30.4
2026-05-04 23:00:00,ST_02,15,0,7.92,100.0,
2026-05-05 00:00:00,ST_02,7,1,9.2,87.6,19.2
05/05/2026 01:00,ST_02,11,0,8.79,98.2,22.2
2026-05-05 02:00:00,ST_02,14,1,8.98,85.0,25.8
2026-05-05 03:00:00,ST_02,10,0,7.64,93.3,26.9
2026-05-05 04:00:00,ST_02,7,0,8.75,96.2,23.7
2026-05-05 05:00:00,ST_02,6,0,7.95,88.1,23.4
2026-05-05 06:00:00,ST_02,15,3,11.12,96.5,25.9
2026-05-05 07:00:00,ST_02,12,2,14.0,82.4,24.0
2026-05-05 08:00:00,ST_02,49,4,16.24,76.7,28.3
2026-05-05 09:00:00,ST_02,47,4,16.35,77.2,22.3
2026-05-05 10:00:00,ST_02,26,3,19.19,66.4,28.0
2026-05-05 11:00:00,ST_02,22,6,20.2,84.9,30.0
2026-05-05 12:00:00,ST_02,34,5,22.78,63.4,27.3
2026-05-05 13:00:00,ST_02,31,8,19.92,67.8,34.7
05/05/2026 14:00,ST_02,24,2,,,19.8
2026-05-05 15:00:00,ST_02,18,1,18.68,69.2,21.6
2026-05-05 16:00:00,ST_02,19,1,22.15,63.7,23.0
2026-05-05 17:00:00,ST_02,72,3,18.66,83.2,38.4
2026-05-05 18:00:00,ST_02,64,2,18.81,65.2,25.1
2026-05-05 19:00:00,ST_02,25,3,16.55,72.8,24.0
2026-05-05 20:00:00,ST_02,13,1,13.84,84.2,28.8
2026-05-05 21:00:00,ST_02,17,4,13.23,79.0,22.2
2026-05-05 22:00:00,ST_02,13,2,13.45,87.0,25.9
2026-05-05 23:00:00,ST_02,17,0,10.46,88.7,25.0
2026-05-06 00:00:00,ST_02,,0,9.96,89.9,27.0
2026-05-06 01:00:00,ST_02,9,0,6.59,95.5,26.6
2026-05-06 02:00:00,ST_02,12,0,8.24,97.9,21.6
2026-05-06 03:00:00,ST_02,10,0,5.2,100.0,22.8
2026-05-06 04:00:00,ST_02,9,0,6.25,100.0,27.9
2026-05-06 05:00:00,ST_02,5,0,9.99,94.6,25.8
2026-05-06 06:00:00,ST_02,7,2,8.37,83.9,25.4
2026-05-06 07:00:00,ST_02,13,2,15.8,78.4,
06/05/2026 08:00,ST_02,29,5,14.2,83.4,27.2
2026-05-06 09:00:00,ST_02,48,3,17.26,72.4,23.2
2026-05-06 10:00:00,ST_02,31,2,18.0,78.1,17.7
2026-05-06 11:00:00,ST_02,24,3,18.01,68.6,25.6
2026-05-06 12:00:00,ST_02,39,5,22.56,62.9,29.7
2026-05-06 13:00:00,ST_02,30,6,20.77,70.3,27.7
2026-05-06 14:00:00,ST_02,26,1,22.13,69.0,22.1
2026-05-06 15:00:00,ST_02,13,2,18.15,79.5,30.4
2026-05-06 16:00:00,ST_02,23,2,19.03,76.2,22.2
2026-05-06 17:00:00,ST_02,63,3,20.39,71.5,29.5
2026-05-06 18:00:00,ST_02,56,4,19.28,65.6,30.9
2026-05-06 19:00:00,ST_02,17,3,19.63,60.7,22.3
2026-05-06 20:00:00,ST_02,8500,1,17.06,67.9,21.4
2026-05-06 21:00:00,ST_02,9,5,14.24,78.7,24.3
2026-05-06 22:00:00,ST_02,8,4,13.06,81.6,28.2
2026-05-06 23:00:00,ST_02,10,0,8.25,94.4,18.5
2026-05-07 00:00:00,ST_02,9,0,7.42,100.0,24.0
2026-05-07 01:00:00,ST_02,8,0,9.87,87.6,28.0
2026-05-07 02:00:00,ST_02,9,0,5.68,93.5,20.5
2026-05-07 03:00:00,ST_02,18,0,9.65,93.3,24.5
2026-05-07 04:00:00,ST_02,13,0,6.9,100.0,23.6
2026-05-07 05:00:00,ST_02,7,0,10.81,89.1,23.7
2026-05-07 06:00:00,ST_02,11,1,10.33,89.1,
2026-05-07 07:00:00,ST_02,17,2,13.58,75.6,21.9
2026-05-07 08:00:00,ST_02,41,1,,,22.5
2026-05-07 09:00:00,ST_02,51,1,14.22,68.6,24.8
2026-05-07 10:00:00,ST_02,26,4,19.67,70.7,29.1
2026-05-07 11:00:00,ST_02,14,4,20.7,69.3,25.4
2026-05-07 12:00:00,ST_02,32,2,20.44,61.5,23.7
07/05/2026 13:00,ST_02,38,3,21.84,58.0,31.6
2026-05-07 14:00:00,ST_02,25,7,23.13,52.5,32.6
2026-05-07 15:00:00,ST_02,29,3,18.23,66.8,27.5
2026-05-07 16:00:00,ST_02,18,2,20.65,72.6,21.2
2026-05-07 17:00:00,ST_02,69,6,21.76,64.5,29.1
2026-05-07 18:00:00,ST_02,61,5,18.59,85.9,28.7
2026-05-07 19:00:00,ST_02,16,2,17.23,74.3,26.8
2026-05-07 20:00:00,ST_02,21,6,16.12,81.5,
2026-05-07 21:00:00,ST_02,14,0,13.28,83.7,21.1
2026-05-07 22:00:00,ST_02,14,3,12.2,86.8,25.8
2026-05-07 23:00:00,ST_02,22,0,10.68,92.7,
2026-05-08 00:00:00,ST_02,12,0,7.13,94.4,24.0
2026-05-08 01:00:00,ST_02,9,0,8.21,92.2,27.6
2026-05-08 02:00:00,ST_02,9,0,7.16,100.0,22.8
2026-05-08 03:00:00,ST_02,12,0,5.9,100.0,20.8
2026-05-08 04:00:00,ST_02,11,0,7.09,93.4,25.6
2026-05-08 05:00:00,ST_02,11,0,11.0,87.0,22.6
2026-05-08 06:00:00,ST_02,10,2,8.96,99.5,30.4
2026-05-08 07:00:00,ST_02,15,1,12.95,78.9,24.5
08/05/2026 08:00,ST_02,43,1,11.82,80.4,25.8
2026-05-08 09:00:00,ST_02,44,0,16.07,85.0,19.7
2026-05-08 10:00:00,ST_02,14,2,17.52,78.7,26.2
2026-05-08 11:00:00,ST_02,,0,19.6,74.1,23.8
2026-05-08 12:00:00,ST_02,31,1,20.71,66.7,28.0
2026-05-08 13:00:00,ST_02,43,2,23.72,61.8,25.1
2026-05-08 14:00:00,ST_02,18,5,21.0,71.2,26.0
2026-05-08 15:00:00,ST_02,24,1,24.22,66.2,26.8
2026-05-08 16:00:00,ST_02,21,2,19.1,68.0,21.5
2026-05-08 17:00:00,ST_02,61,2,18.54,73.9,22.6
2026-05-08 18:00:00,ST_02,53,5,16.18,72.0,34.5
2026-05-08 19:00:00,ST_02,19,5,20.05,76.2,31.2
2026-05-08 20:00:00,ST_02,14,3,12.71,86.4,26.7
2026-05-08 21:00:00,ST_02,18,2,13.41,83.1,23.6
2026-05-08 22:00:00,ST_02,16,1,14.87,79.5,23.7
2026-05-08 23:00:00,ST_02,11,0,9.32,99.4,26.9
2026-05-09 00:00:00,ST_02,18,0,9.2,92.8,23.7
2026-05-09 01:00:00,ST_02,10,0,7.98,92.2,
2026-05-09 02:00:00,ST_02,12,0,7.56,96.2,21.5
2026-05-09 03:00:00,ST_02,7,0,8.04,93.7,21.9
2026-05-09 04:00:00,ST_02,13,1,7.79,97.1,32.6
2026-05-09 05:00:00,ST_02,6,0,8.16,94.1,26.0
2026-05-09 06:00:00,ST_02,14,1,11.28,81.2,23.6
2026-05-09 07:00:00,ST_02,15,4,14.27,92.3,26.7
2026-05-09 08:00:00,ST_02,19,3,14.61,80.2,24.7
2026-05-09 09:00:00,ST_02,11,3,15.78,83.8,26.6
2026-05-09 10:00:00,ST_02,22,3,17.61,63.5,28.9
2026-05-09 11:00:00,ST_02,24,4,19.33,73.3,26.4
2026-05-09 12:00:00,ST_02,23,2,22.74,68.0,20.1
2026-05-09 13:00:00,ST_02,20,4,22.92,72.9,29.3
2026-05-09 14:00:00,ST_02,47,1,19.82,58.4,21.9
2026-05-09 15:00:00,ST_02,39,1,20.35,65.3,21.0
2026-05-09 16:00:00,ST_02,47,2,22.16,56.3,24.2
2026-05-09 17:00:00,ST_02,18,1,20.35,73.5,28.8
2026-05-09 18:00:00,ST_02,24,1,18.82,69.4,24.6
2026-05-09 19:00:00,ST_02,30,1,,,
2026-05-09 20:00:00,ST_02,24,3,16.17,81.2,30.7
2026-05-09 21:00:00,ST_02,15,5,13.91,83.8,33.3
2026-05-09 22:00:00,ST_02,19,3,13.43,81.4,29.6
09/05/2026 23:00,ST_02,12,0,9.2,93.0,25.7
2026-05-10 00:00:00,ST_02,10,0,11.3,93.1,22.9
2026-05-10 01:00:00,ST_02,12,0,9.64,94.1,29.2
2026-05-10 02:00:00,ST_02,14,0,10.56,91.9,27.5
2026-05-10 03:00:00,ST_02,11,0,9.89,90.9,24.8
2026-05-10 04:00:00,ST_02,18,0,10.32,93.0,31.0
2026-05-10 05:00:00,ST_02,19,0,11.21,97.0,26.6
2026-05-10 06:00:00,ST_02,16,7,13.64,82.7,31.7
2026-05-10 07:00:00,ST_02,21,5,14.06,83.1,32.9
2026-05-10 08:00:00,ST_02,12,1,12.79,80.4,26.7
2026-05-10 09:00:00,ST_02,18,5,14.98,75.0,
2026-05-10 10:00:00,ST_02,,3,17.54,70.7,16.4
2026-05-10 11:00:00,ST_02,26,5,22.39,61.3,29.8
2026-05-10 12:00:00,ST_02,16,1,21.63,68.1,20.5
2026-05-10 13:00:00,ST_02,22,3,20.53,63.6,22.9
2026-05-10 14:00:00,ST_02,42,2,21.08,71.2,21.6
2026-05-10 15:00:00,ST_02,35,2,23.23,63.7,16.3
2026-05-10 16:00:00,ST_02,44,5,,,24.1
2026-05-10 17:00:00,ST_02,26,5,18.74,66.9,26.3
2026-05-10 18:00:00,ST_02,,3,20.42,70.9,
2026-05-10 19:00:00,ST_02,20,8,18.01,75.6,31.4
2026-05-10 20:00:00,ST_02,17,2,14.12,77.6,22.5
2026-05-10 21:00:00,ST_02,23,5,15.1,84.8,21.9
10/05/2026 22:00,ST_02,10,3,12.36,84.6,30.5
2026-05-10 23:00:00,ST_02,15,0,11.17,82.5,18.3
2026-05-11 00:00:00,ST_02,14,0,9.32,87.5,21.7
2026-05-11 01:00:00,ST_02,6,0,6.46,92.5,24.2
2026-05-11 02:00:00,ST_02,7,0,7.1,85.1,23.3
2026-05-11 03:00:00,ST_02,8,0,9.84,88.7,27.1
2026-05-11 04:00:00,ST_02,19,0,10.46,89.9,22.8
2026-05-11 05:00:00,ST_02,22,1,10.11,96.3,25.7
2026-05-11 06:00:00,ST_02,14,2,13.14,87.0,28.8
2026-05-11 07:00:00,ST_02,20,2,12.16,88.1,23.2
2026-05-11 08:00:00,ST_02,54,2,16.16,81.7,
2026-05-11 09:00:00,ST_02,59,4,18.98,67.9,30.5
2026-05-11 10:00:00,ST_02,13,1,17.19,73.3,24.1
2026-05-11 11:00:00,ST_02,25,3,20.69,64.8,29.1
2026-05-11 12:00:00,ST_02,,0,22.32,63.7,20.4
2026-05-11 13:00:00,ST_02,41,3,23.37,69.9,25.5
2026-05-11 14:00:00,ST_02,17,4,20.59,68.6,25.6
2026-05-11 15:00:00,ST_02,18,2,18.05,70.0,19.2
11/05/2026 16:00,ST_02,16,5,19.98,76.5,24.9
2026-05-11 17:00:00,ST_02,69,2,20.07,63.3,28.7
2026-05-11 18:00:00,ST_02,50,1,20.25,61.4,
2026-05-11 19:00:00,ST_02,13,1,16.08,79.2,18.0
2026-05-11 20:00:00,ST_02,17,3,17.08,73.0,20.9
2026-05-11 21:00:00,ST_02,19,6,14.96,82.7,22.7
2026-05-11 22:00:00,ST_02,16,4,12.46,89.1,29.2
2026-05-11 23:00:00,ST_02,13,0,8.31,100.0,25.3
2026-05-12 00:00:00,ST_02,12,0,10.49,85.3,28.3
2026-05-12 01:00:00,ST_02,10,1,9.03,92.5,
2026-05-12 02:00:00,ST_02,8,0,6.41,98.1,25.0
2026-05-12 03:00:00,ST_02,13,0,10.96,85.6,23.1
2026-05-12 04:00:00,ST_02,7,0,6.67,94.9,23.8
2026-05-12 05:00:00,ST_02,9,0,9.36,94.1,19.2
2026-05-12 06:00:00,ST_02,14,4,10.24,94.8,31.5
2026-05-12 07:00:00,ST_02,18,2,13.41,77.9,
2026-05-12 08:00:00,ST_02,,3,13.02,90.6,20.3
12/05/2026 09:00,ST_02,49,2,18.03,70.1,21.9
12/05/2026 10:00,ST_02,25,3,19.84,74.9,23.8
2026-05-12 11:00:00,ST_02,12,0,20.12,74.3,25.3
12/05/2026 12:00,ST_02,43,3,23.17,72.4,26.7
2026-05-12 13:00:00,ST_02,54,3,23.02,69.0,21.6
2026-05-12 14:00:00,ST_02,32,2,22.11,58.3,23.9
2026-05-12 15:00:00,ST_02,28,4,20.12,71.6,32.4
2026-05-12 16:00:00,ST_02,26,3,20.69,65.4,19.7
2026-05-12 17:00:00,ST_02,56,2,19.38,65.1,
2026-05-12 18:00:00,ST_02,48,4,17.6,77.0,28.0
2026-05-12 19:00:00,ST_02,19,1,14.68,80.4,
2026-05-12 20:00:00,ST_02,16,2,15.08,79.2,25.7
2026-05-12 21:00:00,ST_02,16,4,12.82,84.4,26.7
2026-05-12 22:00:00,ST_02,13,4,10.64,87.5,25.5
2026-05-12 23:00:00,ST_02,13,0,9.02,92.3,21.5
2026-05-13 00:00:00,ST_02,7,1,5.28,100.0,26.5
2026-05-13 01:00:00,ST_02,7,0,6.61,100.0,27.9
2026-05-13 02:00:00,ST_02,10,1,10.56,89.6,29.1
2026-05-13 03:00:00,ST_02,18,0,9.66,94.6,22.4
2026-05-13 04:00:00,ST_02,12,0,7.45,100.0,21.5
2026-05-13 05:00:00,ST_02,12,0,9.78,84.3,21.6
2026-05-13 06:00:00,ST_02,11,3,11.85,81.9,25.6
2026-05-13 07:00:00,ST_02,13,3,9.37,89.8,30.1
2026-05-13 08:00:00,ST_02,50,7,16.72,83.0,35.9
2026-05-13 09:00:00,ST_02,56,1,16.85,72.2,24.9
13/05/2026 10:00,ST_02,23,3,18.56,71.3,28.7
2026-05-13 11:00:00,ST_02,25,1,18.56,80.9,26.2
2026-05-13 12:00:00,ST_02,45,2,20.34,66.3,20.5
2026-05-13 13:00:00,ST_02,,2,23.87,59.4,23.7
2026-05-13 14:00:00,ST_02,20,3,23.15,59.8,22.3
2026-05-13 15:00:00,ST_02,34,2,23.35,63.2,27.8
2026-05-13 16:00:00,ST_02,22,4,20.57,56.8,23.9
2026-05-13 17:00:00,ST_02,44,2,17.85,68.8,19.2
2026-05-13 18:00:00,ST_02,46,3,16.72,72.6,29.2
2026-05-13 19:00:00,ST_02,27,6,17.63,80.5,32.4
2026-05-13 20:00:00,ST_02,8,1,13.65,85.9,26.8
2026-05-13 21:00:00,ST_02,19,7,13.16,89.2,34.6
2026-05-13 22:00:00,ST_02,12,4,13.83,82.2,25.4
2026-05-13 23:00:00,ST_02,12,1,8.52,92.0,25.6
2026-05-14 00:00:00,ST_02,16,0,8.99,89.9,26.5
2026-05-14 01:00:00,ST_02,12,0,7.6,94.1,28.7
2026-05-14 02:00:00,ST_02,7,1,4.28,97.8,28.6
2026-05-14 03:00:00,ST_02,13,0,9.92,90.6,20.8
2026-05-14 04:00:00,ST_02,14,1,10.23,96.1,21.5
2026-05-14 05:00:00,ST_02,10,0,10.65,84.7,25.4
2026-05-14 06:00:00,ST_02,21,5,12.0,94.9,26.8
2026-05-14 07:00:00,ST_02,11,9,12.58,74.1,34.5
2026-05-14 08:00:00,ST_02,48,3,13.6,81.7,27.9
2026-05-14 09:00:00,ST_02,50,2,14.76,82.1,25.4
2026-05-14 10:00:00,ST_02,21,3,19.48,69.4,25.6
14/05/2026 11:00,ST_02,25,3,19.6,69.5,27.2
2026-05-14 12:00:00,ST_02,34,3,23.88,72.7,19.1
14/05/2026 13:00,ST_02,32,7,18.74,67.7,31.5
2026-05-14 14:00:00,ST_02,21,1,20.66,72.9,25.3
2026-05-14 15:00:00,ST_02,16,3,20.53,71.3,26.9
2026-05-14 16:00:00,ST_02,16,5,17.83,76.8,27.5
2026-05-14 17:00:00,ST_02,64,5,20.36,68.9,31.0
2026-05-14 18:00:00,ST_02,48,2,17.73,75.5,28.3
2026-05-14 19:00:00,ST_02,11,2,15.52,82.7,23.2
2026-05-14 20:00:00,ST_02,14,3,13.67,86.6,32.6
2026-05-14 21:00:00,ST_02,12,3,12.51,84.2,31.4
2026-05-14 22:00:00,ST_02,20,4,11.04,87.0,30.9
2026-05-14 23:00:00,ST_02,19,0,13.01,88.5,25.5
15/05/2026 00:00,ST_02,9,0,12.63,82.9,25.9
2026-05-15 01:00:00,ST_02,10,0,8.35,100.0,32.2
2026-05-15 02:00:00,ST_02,12,0,8.91,89.8,22.3
2026-05-15 03:00:00,ST_02,10,0,9.52,100.0,29.1
2026-05-15 04:00:00,ST_02,13,0,7.09,100.0,
2026-05-15 05:00:00,ST_02,11,0,12.44,90.4,18.7
2026-05-15 06:00:00,ST_02,13,0,10.4,86.2,20.9
2026-05-15 07:00:00,ST_02,11,2,12.34,89.2,21.5
2026-05-15 08:00:00,ST_02,59,2,16.04,86.4,25.7
2026-05-15 09:00:00,ST_02,44,4,15.26,77.7,23.9
2026-05-15 10:00:00,ST_02,21,4,18.21,76.0,29.2
2026-05-15 11:00:00,ST_02,18,5,20.42,65.3,26.8
2026-05-15 12:00:00,ST_02,38,2,20.64,75.2,20.6
2026-05-15 13:00:00,ST_02,37,3,23.99,55.1,24.3
2026-05-15 14:00:00,ST_02,21,1,18.47,72.2,20.5
2026-05-15 15:00:00,ST_02,27,4,21.16,67.7,24.5
2026-05-15 16:00:00,ST_02,22,3,19.52,63.2,29.1
2026-05-15 17:00:00,ST_02,68,4,20.02,80.0,30.1
2026-05-15 18:00:00,ST_02,43,3,16.45,71.7,27.6
2026-05-15 19:00:00,ST_02,19,4,15.19,77.2,
2026-05-15 20:00:00,ST_02,10,3,13.25,93.4,30.9
2026-05-15 21:00:00,ST_02,,1,14.59,79.3,19.7
2026-05-15 22:00:00,ST_02,13,3,11.77,84.6,31.3
2026-05-15 23:00:00,ST_02,16,1,8.1,91.4,27.0
2026-05-01 00:00:00,ST_03,14,1,9.28,93.9,23.2
2026-05-01 01:00:00,ST_03,6,0,6.72,100.0,16.8
2026-05-01 02:00:00,ST_03,13,0,7.16,98.0,25.2
2026-05-01 03:00:00,ST_03,10,0,6.58,100.0,25.2
2026-05-01 04:00:00,ST_03,15,0,11.33,91.4,22.1
2026-05-01 05:00:00,ST_03,19,0,12.28,79.9,20.5
2026-05-01 06:00:00,ST_03,9,5,14.94,83.7,28.9
2026-05-01 07:00:00,ST_03,16,1,15.36,79.2,23.3
2026-05-01 08:00:00,ST_03,36,3,13.86,77.0,23.1
2026-05-01 09:00:00,ST_03,29,2,18.68,75.1,25.7
2026-05-01 10:00:00,ST_03,9,3,18.71,71.2,27.7
2026-05-01 11:00:00,ST_03,23,3,17.7,76.8,25.1
2026-05-01 12:00:00,ST_03,26,3,19.55,69.3,
2026-05-01 13:00:00,ST_03,24,4,20.71,61.9,31.0
2026-05-01 14:00:00,ST_03,13,1,21.87,65.1,20.7
2026-05-01 15:00:00,ST_03,10,3,22.98,63.7,24.2
2026-05-01 16:00:00,ST_03,14,6,19.95,78.6,30.6
01/05/2026 17:00,ST_03,30,2,18.4,74.3,24.5
2026-05-01 18:00:00,ST_03,37,2,20.06,83.4,31.7
2026-05-01 19:00:00,ST_03,11,3,18.63,73.5,24.0
2026-05-01 20:00:00,ST_03,9,1,14.51,78.7,27.4
2026-05-01 21:00:00,ST_03,15,5,14.43,85.7,
2026-05-01 22:00:00,ST_03,9,1,10.88,83.7,21.8
2026-05-01 23:00:00,ST_03,7,0,9.51,96.5,26.0
2026-05-02 00:00:00,ST_03,13,0,9.97,93.9,24.9
2026-05-02 01:00:00,ST_03,9,0,9.23,84.6,25.1
2026-05-02 02:00:00,ST_03,7,0,7.69,95.1,22.3
2026-05-02 03:00:00,ST_03,15,0,6.84,99.5,23.4
2026-05-02 04:00:00,ST_03,9,0,9.92,89.8,21.8
2026-05-02 05:00:00,ST_03,6,0,10.71,91.2,23.1
2026-05-02 06:00:00,ST_03,11,2,10.46,86.4,30.1
2026-05-02 07:00:00,ST_03,10,5,11.91,78.7,24.7
2026-05-02 08:00:00,ST_03,10,3,13.65,84.6,23.7
2026-05-02 09:00:00,ST_03,18,4,17.88,76.3,23.9
2026-05-02 10:00:00,ST_03,13,4,18.32,65.2,24.3
2026-05-02 11:00:00,ST_03,13,4,18.43,73.1,25.0
2026-05-02 12:00:00,ST_03,15,4,18.53,73.5,28.9
2026-05-02 13:00:00,ST_03,12,3,20.84,59.6,26.1
2026-05-02 14:00:00,ST_03,30,3,22.91,71.4,23.4
2026-05-02 15:00:00,ST_03,31,1,22.38,62.8,25.1
2026-05-02 16:00:00,ST_03,28,1,18.81,78.3,25.7
2026-05-02 17:00:00,ST_03,18,5,19.91,66.3,26.4
2026-05-02 18:00:00,ST_03,13,2,19.81,68.5,15.4
2026-05-02 19:00:00,ST_03,7,6,15.37,81.3,30.2
2026-05-02 20:00:00,ST_03,20,2,15.5,83.5,22.2
2026-05-02 21:00:00,ST_03,15,0,11.92,78.1,19.9
2026-05-02 22:00:00,ST_03,,2,10.44,100.0,29.7
2026-05-02 23:00:00,ST_03,8,0,7.34,100.0,24.9
03/05/2026 00:00,ST_03,8,0,5.79,98.9,25.2
2026-05-03 01:00:00,ST_03,4,0,8.99,85.6,24.9
03/05/2026 02:00,ST_03,9,0,8.93,95.2,23.4
2026-05-03 03:00:00,ST_03,4,0,5.47,100.0,21.6
2026-05-03 04:00:00,ST_03,7,0,5.56,100.0,30.4
2026-05-03 05:00:00,ST_03,8,0,10.54,88.8,21.3
2026-05-03 06:00:00,ST_03,14,4,10.29,89.2,31.9
2026-05-03 07:00:00,ST_03,15,4,13.13,82.0,26.6
2026-05-03 08:00:00,ST_03,12,7,12.42,81.0,31.2
2026-05-03 09:00:00,ST_03,13,3,17.77,76.9,20.2
2026-05-03 10:00:00,ST_03,8,3,16.97,76.8,24.4
2026-05-03 11:00:00,ST_03,20,2,19.53,72.8,22.9
2026-05-03 12:00:00,ST_03,13,4,21.96,69.0,20.7
2026-05-03 13:00:00,ST_03,8,2,20.04,79.5,26.7
2026-05-03 14:00:00,ST_03,43,4,23.01,60.5,25.8
2026-05-03 15:00:00,ST_03,38,1,26.19,52.0,18.6
2026-05-03 16:00:00,ST_03,34,7,20.59,68.2,34.1
2026-05-03 17:00:00,ST_03,16,3,18.96,83.1,25.8
2026-05-03 18:00:00,ST_03,4,2,17.84,66.3,25.4
2026-05-03 19:00:00,ST_03,23,2,18.01,71.8,20.5
2026-05-03 20:00:00,ST_03,14,3,15.71,71.5,25.5
2026-05-03 21:00:00,ST_03,13,7,15.18,77.8,30.3
03/05/2026 22:00,ST_03,7,6,9.16,94.7,
2026-05-03 23:00:00,ST_03,6,0,12.42,78.5,22.1
2026-05-04 00:00:00,ST_03,14,0,9.73,94.1,23.9
2026-05-04 01:00:00,ST_03,5,0,6.88,98.2,23.3
2026-05-04 02:00:00,ST_03,13,0,3.82,97.6,23.9
2026-05-04 03:00:00,ST_03,9,0,7.64,94.1,22.2
2026-05-04 04:00:00,ST_03,11,1,8.78,91.7,27.0
2026-05-04 05:00:00,ST_03,7,0,11.38,87.4,25.8
2026-05-04 06:00:00,ST_03,11,1,8.17,91.3,20.6
2026-05-04 07:00:00,ST_03,22,3,11.76,81.8,27.2
2026-05-04 08:00:00,ST_03,25,6,13.28,92.2,27.3
2026-05-04 09:00:00,ST_03,47,5,17.94,76.9,25.8
2026-05-04 10:00:00,ST_03,9,5,17.88,77.2,27.2
2026-05-04 11:00:00,ST_03,15,8,20.04,65.5,33.7
2026-05-04 12:00:00,ST_03,25,6,22.18,61.6,28.9
2026-05-04 13:00:00,ST_03,32,2,23.91,65.7,29.6
04/05/2026 14:00,ST_03,10,4,20.3,76.4,30.2
2026-05-04 15:00:00,ST_03,18,1,22.34,57.5,25.5
2026-05-04 16:00:00,ST_03,10,6,22.4,54.6,32.7
2026-05-04 17:00:00,ST_03,35,3,19.86,77.9,29.3
2026-05-04 18:00:00,ST_03,47,2,20.46,69.1,23.1
2026-05-04 19:00:00,ST_03,19,2,20.43,69.3,21.5
2026-05-04 20:00:00,ST_03,8,1,17.94,77.8,19.6
2026-05-04 21:00:00,ST_03,14,1,11.72,83.4,24.8
2026-05-04 22:00:00,ST_03,11,4,10.44,88.2,30.1
2026-05-04 23:00:00,ST_03,14,0,10.16,88.2,25.9
2026-05-05 00:00:00,ST_03,14,0,9.82,82.3,24.3
2026-05-05 01:00:00,ST_03,13,0,10.51,100.0,
2026-05-05 02:00:00,ST_03,12,0,7.81,100.0,20.8
2026-05-05 03:00:00,ST_03,4,0,4.43,100.0,23.1
2026-05-05 04:00:00,ST_03,8,0,8.7,96.1,19.8
2026-05-05 05:00:00,ST_03,9,0,9.57,97.2,24.2
2026-05-05 06:00:00,ST_03,16,1,12.39,81.6,22.7
2026-05-05 07:00:00,ST_03,9,2,10.45,89.6,27.9
2026-05-05 08:00:00,ST_03,33,3,16.99,69.6,23.1
2026-05-05 09:00:00,ST_03,36,3,16.63,76.7,22.8
2026-05-05 10:00:00,ST_03,17,2,18.22,82.8,25.9
2026-05-05 11:00:00,ST_03,15,2,19.24,75.8,26.6
2026-05-05 12:00:00,ST_03,27,3,20.08,68.3,26.1
2026-05-05 13:00:00,ST_03,,3,21.12,66.8,24.0
2026-05-05 14:00:00,ST_03,14,1,21.67,63.7,22.3
2026-05-05 15:00:00,ST_03,13,3,20.53,68.7,24.8
2026-05-05 16:00:00,ST_03,12,4,21.07,60.1,28.2
2026-05-05 17:00:00,ST_03,35,3,18.92,69.5,
2026-05-05 18:00:00,ST_03,36,1,17.84,75.1,25.7
2026-05-05 19:00:00,ST_03,20,4,17.28,75.3,28.4
2026-05-05 20:00:00,ST_03,6,7,,,35.4
2026-05-05 21:00:00,ST_03,10,3,15.27,75.9,29.0
2026-05-05 22:00:00,ST_03,13,4,11.75,87.7,19.0
2026-05-05 23:00:00,ST_03,7,0,7.66,95.3,26.0
2026-05-06 00:00:00,ST_03,8,1,10.82,87.2,23.6
2026-05-06 01:00:00,ST_03,9,0,6.13,83.8,23.0
2026-05-06 02:00:00,ST_03,6,0,8.03,92.8,23.3
2026-05-06 03:00:00,ST_03,10,0,10.73,90.3,23.1
2026-05-06 04:00:00,ST_03,8,0,8.06,98.5,23.3
2026-05-06 05:00:00,ST_03,8,0,6.36,100.0,22.0
2026-05-06 06:00:00,ST_03,9,3,10.5,91.3,24.9
2026-05-06 07:00:00,ST_03,14,4,11.22,85.7,26.4
2026-05-06 08:00:00,ST_03,34,2,14.93,68.6,24.5
2026-05-06 09:00:00,ST_03,,3,18.3,72.9,23.6
2026-05-06 10:00:00,ST_03,21,0,20.13,66.8,19.9
2026-05-06 11:00:00,ST_03,12,3,16.48,71.8,28.0
2026-05-06 12:00:00,ST_03,26,1,21.68,74.3,23.6
2026-05-06 13:00:00,ST_03,26,2,22.4,65.2,25.8
2026-05-06 14:00:00,ST_03,12,6,22.78,67.1,30.1
2026-05-06 15:00:00,ST_03,15,4,21.77,66.1,
2026-05-06 16:00:00,ST_03,16,4,21.54,58.1,23.3
2026-05-06 17:00:00,ST_03,57,3,18.1,75.5,29.2
2026-05-06 18:00:00,ST_03,36,5,,,32.7
2026-05-06 19:00:00,ST_03,12,4,15.19,83.0,
2026-05-06 20:00:00,ST_03,6,1,13.31,79.0,21.3
2026-05-06 21:00:00,ST_03,12,1,15.18,82.3,
2026-05-06 22:00:00,ST_03,10,3,10.08,88.4,27.9
2026-05-06 23:00:00,ST_03,11,0,10.49,94.0,26.4
2026-05-07 00:00:00,ST_03,5,0,9.21,86.0,19.6
2026-05-07 01:00:00,ST_03,9,0,8.1,92.2,24.3
2026-05-07 02:00:00,ST_03,13,0,7.17,95.5,26.1
2026-05-07 03:00:00,ST_03,10,0,6.09,95.8,25.2
2026-05-07 04:00:00,ST_03,15,0,9.5,94.1,26.5
2026-05-07 05:00:00,ST_03,11,0,11.21,84.8,17.7
2026-05-07 06:00:00,ST_03,16,3,12.69,82.7,29.8
2026-05-07 07:00:00,ST_03,10,8,14.85,76.4,30.1
2026-05-07 08:00:00,ST_03,33,1,14.68,87.7,28.1
2026-05-07 09:00:00,ST_03,40,3,16.83,68.3,21.0
2026-05-07 10:00:00,ST_03,16,6,,,28.1
2026-05-07 11:00:00,ST_03,9,5,20.08,83.3,28.9
2026-05-07 12:00:00,ST_03,23,1,19.26,83.2,28.0
2026-05-07 13:00:00,ST_03,24,3,19.25,65.3,21.8
2026-05-07 14:00:00,ST_03,15,4,22.54,65.4,24.2
07/05/2026 15:00,ST_03,12,2,21.78,72.1,28.7
2026-05-07 16:00:00,ST_03,9,2,19.28,80.4,23.4
2026-05-07 17:00:00,ST_03,44,3,20.88,65.5,29.0
2026-05-07 18:00:00,ST_03,51,3,17.43,70.0,
07/05/2026 19:00,ST_03,19,2,17.0,74.0,23.7
2026-05-07 20:00:00,ST_03,11,4,15.15,69.4,27.9
2026-05-07 21:00:00,ST_03,14,3,13.69,85.5,34.2
2026-05-07 22:00:00,ST_03,12,5,12.37,89.1,27.8
2026-05-07 23:00:00,ST_03,23,0,11.33,89.8,
2026-05-08 00:00:00,ST_03,5,0,10.07,93.1,25.7
2026-05-08 01:00:00,ST_03,13,0,6.83,95.1,26.7
2026-05-08 02:00:00,ST_03,10,0,7.75,95.4,23.1
2026-05-08 03:00:00,ST_03,10,0,7.56,88.9,25.0
2026-05-08 04:00:00,ST_03,12,0,8.64,85.7,24.5
2026-05-08 05:00:00,ST_03,12,0,11.32,85.6,22.0
2026-05-08 06:00:00,ST_03,7,3,,,26.0
2026-05-08 07:00:00,ST_03,13,5,12.57,89.4,24.7
2026-05-08 08:00:00,ST_03,32,2,16.3,75.9,26.2
2026-05-08 09:00:00,ST_03,27,2,14.22,85.5,
2026-05-08 10:00:00,ST_03,10,0,19.32,75.7,17.4
2026-05-08 11:00:00,ST_03,23,2,21.6,65.7,21.3
2026-05-08 12:00:00,ST_03,22,2,22.16,65.1,27.4
2026-05-08 13:00:00,ST_03,27,3,20.87,61.0,
2026-05-08 14:00:00,ST_03,19,1,18.49,72.7,20.8
2026-05-08 15:00:00,ST_03,20,3,22.73,62.0,22.4
2026-05-08 16:00:00,ST_03,21,2,19.84,71.1,24.7
2026-05-08 17:00:00,ST_03,64,2,21.51,63.2,24.9
2026-05-08 18:00:00,ST_03,40,4,18.71,75.6,25.2
2026-05-08 19:00:00,ST_03,14,6,18.27,80.3,31.9
2026-05-08 20:00:00,ST_03,16,3,16.48,76.9,26.2
2026-05-08 21:00:00,ST_03,13,5,14.38,83.8,34.6
2026-05-08 22:00:00,ST_03,12,3,8.82,94.2,32.3
2026-05-08 23:00:00,ST_03,7,0,9.38,87.0,25.2
2026-05-09 00:00:00,ST_03,18,0,9.14,87.5,20.2
2026-05-09 01:00:00,ST_03,11,0,9.19,76.2,20.9
2026-05-09 02:00:00,ST_03,13,1,7.76,85.6,23.2
2026-05-09 03:00:00,ST_03,5,0,7.1,100.0,28.0
2026-05-09 04:00:00,ST_03,15,0,10.13,90.2,18.9
2026-05-09 05:00:00,ST_03,5,0,,,24.8
2026-05-09 06:00:00,ST_03,12,4,12.74,80.4,33.4
09/05/2026 07:00,ST_03,10,1,12.23,91.1,24.8
2026-05-09 08:00:00,ST_03,10,4,14.38,81.9,27.6
2026-05-09 09:00:00,ST_03,17,3,16.93,75.5,26.9
2026-05-09 10:00:00,ST_03,18,3,17.43,63.6,25.3
2026-05-09 11:00:00,ST_03,18,3,20.35,67.2,19.9
2026-05-09 12:00:00,ST_03,20,7,23.32,65.5,29.6
2026-05-09 13:00:00,ST_03,14,6,23.73,55.1,29.3
2026-05-09 14:00:00,ST_03,27,2,23.51,64.4,22.3
2026-05-09 15:00:00,ST_03,25,4,20.12,81.5,33.1
09/05/2026 16:00,ST_03,28,5,22.12,69.7,25.8
2026-05-09 17:00:00,ST_03,,3,20.72,70.3,26.8
2026-05-09 18:00:00,ST_03,17,0,17.74,72.3,23.8
2026-05-09 19:00:00,ST_03,18,3,17.77,76.0,24.8
2026-05-09 20:00:00,ST_03,14,4,13.78,73.3,25.4
2026-05-09 21:00:00,ST_03,15,0,15.21,76.9,17.5
2026-05-09 22:00:00,ST_03,8,6,12.33,95.3,29.2
09/05/2026 23:00,ST_03,11,0,10.05,94.0,24.3
2026-05-10 00:00:00,ST_03,6,0,7.17,92.2,20.7
2026-05-10 01:00:00,ST_03,6,0,5.65,89.0,26.8
2026-05-10 02:00:00,ST_03,3,0,5.73,97.2,23.9
2026-05-10 03:00:00,ST_03,9,0,6.12,98.7,20.6
2026-05-10 04:00:00,ST_03,10,0,7.85,90.4,22.3
2026-05-10 05:00:00,ST_03,12,0,10.72,82.9,19.3
2026-05-10 06:00:00,ST_03,7,0,11.98,82.7,18.6
2026-05-10 07:00:00,ST_03,6,4,10.95,95.7,29.8
2026-05-10 08:00:00,ST_03,11,4,15.59,75.9,26.7
2026-05-10 09:00:00,ST_03,16,4,18.78,72.3,28.3
2026-05-10 10:00:00,ST_03,18,2,18.93,73.6,26.3
2026-05-10 11:00:00,ST_03,12,4,23.36,61.7,24.2
2026-05-10 12:00:00,ST_03,21,5,20.6,63.5,28.4
2026-05-10 13:00:00,ST_03,13,3,22.01,74.2,24.7
2026-05-10 14:00:00,ST_03,24,4,21.73,67.8,25.6
2026-05-10 15:00:00,ST_03,32,2,21.95,69.4,20.5
2026-05-10 16:00:00,ST_03,36,4,20.98,70.8,27.3
2026-05-10 17:00:00,ST_03,9,2,17.87,75.6,20.4
2026-05-10 18:00:00,ST_03,18,3,,,26.6
2026-05-10 19:00:00,ST_03,19,1,19.29,69.3,19.6
2026-05-10 20:00:00,ST_03,13,3,12.82,89.1,21.3
2026-05-10 21:00:00,ST_03,13,4,13.01,81.0,26.4
2026-05-10 22:00:00,ST_03,8,3,11.12,90.9,27.0
2026-05-10 23:00:00,ST_03,18,0,12.56,81.7,22.7
2026-05-11 00:00:00,ST_03,5,0,10.08,93.2,27.9
2026-05-11 01:00:00,ST_03,11,0,9.4,89.1,26.7
2026-05-11 02:00:00,ST_03,17,0,8.02,96.5,25.6
2026-05-11 03:00:00,ST_03,7,0,7.2,96.9,23.3
2026-05-11 04:00:00,ST_03,13,0,8.36,100.0,28.2
2026-05-11 05:00:00,ST_03,14,0,11.0,77.3,20.1
11/05/2026 06:00,ST_03,12,2,,,28.8
2026-05-11 07:00:00,ST_03,9,2,11.35,83.7,26.1
2026-05-11 08:00:00,ST_03,38,4,15.16,77.0,31.3
2026-05-11 09:00:00,ST_03,50,7,18.24,81.0,38.8
2026-05-11 10:00:00,ST_03,13,3,19.24,75.1,26.8
2026-05-11 11:00:00,ST_03,5,3,17.01,82.0,24.0
2026-05-11 12:00:00,ST_03,22,2,20.46,70.2,20.0
2026-05-11 13:00:00,ST_03,31,2,21.52,74.4,26.9
2026-05-11 14:00:00,ST_03,27,0,22.65,64.5,21.1
2026-05-11 15:00:00,ST_03,10,4,21.47,72.8,26.5
2026-05-11 16:00:00,ST_03,17,6,21.63,70.8,27.9
2026-05-11 17:00:00,ST_03,63,6,19.27,74.1,30.6
2026-05-11 18:00:00,ST_03,33,1,18.94,66.8,16.3
2026-05-11 19:00:00,ST_03,13,7,17.48,78.1,35.1
2026-05-11 20:00:00,ST_03,17,2,15.43,78.1,18.0
2026-05-11 21:00:00,ST_03,17,6,15.02,84.5,27.1
2026-05-11 22:00:00,ST_03,7,4,9.82,80.5,24.8
11/05/2026 23:00,ST_03,10,0,10.5,88.6,21.6
2026-05-12 00:00:00,ST_03,7,0,9.27,100.0,26.1
2026-05-12 01:00:00,ST_03,10,0,8.01,99.9,23.7
2026-05-12 02:00:00,ST_03,12,0,8.36,95.3,31.4
2026-05-12 03:00:00,ST_03,10,0,7.79,92.3,29.4
2026-05-12 04:00:00,ST_03,13,0,7.54,90.7,26.4
2026-05-12 05:00:00,ST_03,9,0,10.97,80.8,26.0
2026-05-12 06:00:00,ST_03,13,2,13.15,78.6,28.7
2026-05-12 07:00:00,ST_03,15,0,13.63,84.1,26.1
2026-05-12 08:00:00,ST_03,37,3,16.57,79.3,27.5
2026-05-12 09:00:00,ST_03,34,4,18.11,79.5,29.8
2026-05-12 10:00:00,ST_03,25,1,17.02,82.6,20.3
12/05/2026 11:00,ST_03,23,3,25.06,69.4,
2026-05-12 12:00:00,ST_03,24,2,22.62,56.1,22.4
2026-05-12 13:00:00,ST_03,26,6,23.65,64.8,25.2
2026-05-12 14:00:00,ST_03,10,2,19.75,71.9,28.3
2026-05-12 15:00:00,ST_03,16,4,21.36,63.5,25.6
2026-05-12 16:00:00,ST_03,11,6,20.76,65.6,24.0
2026-05-12 17:00:00,ST_03,44,2,18.16,68.5,25.7
2026-05-12 18:00:00,ST_03,36,1,19.21,71.6,22.7
2026-05-12 19:00:00,ST_03,14,4,16.05,88.3,31.7
2026-05-12 20:00:00,ST_03,14,2,14.3,72.0,27.0
2026-05-12 21:00:00,ST_03,11,5,13.09,78.0,35.0
2026-05-12 22:00:00,ST_03,9,2,10.11,88.6,26.4
2026-05-12 23:00:00,ST_03,9,0,8.89,92.6,23.3
2026-05-13 00:00:00,ST_03,10,0,8.36,88.8,26.7
2026-05-13 01:00:00,ST_03,6,0,6.6,98.1,31.5
2026-05-13 02:00:00,ST_03,12,0,7.32,94.9,25.0
2026-05-13 03:00:00,ST_03,14,0,10.97,85.1,24.6
2026-05-13 04:00:00,ST_03,10,0,8.65,97.4,24.4
2026-05-13 05:00:00,ST_03,12,0,10.12,93.8,26.5
2026-05-13 06:00:00,ST_03,12,3,12.37,90.3,31.9
2026-05-13 07:00:00,ST_03,13,0,11.27,75.2,20.0
2026-05-13 08:00:00,ST_03,37,3,15.42,77.0,
2026-05-13 09:00:00,ST_03,25,7,16.02,76.2,28.4
2026-05-13 10:00:00,ST_03,20,2,16.67,71.9,23.6
2026-05-13 11:00:00,ST_03,17,4,21.68,61.8,27.8
2026-05-13 12:00:00,ST_03,,5,23.05,61.5,29.9
2026-05-13 13:00:00,ST_03,27,3,19.85,82.6,29.1
2026-05-13 14:00:00,ST_03,21,3,22.97,68.2,31.0
2026-05-13 15:00:00,ST_03,14,2,23.63,64.7,25.3
13/05/2026 16:00,ST_03,20,0,22.09,65.0,19.2
2026-05-13 17:00:00,ST_03,39,5,19.9,77.1,28.8
2026-05-13 18:00:00,ST_03,49,2,17.38,73.5,22.0
2026-05-13 19:00:00,ST_03,9,2,17.68,75.3,29.1
13/05/2026 20:00,ST_03,15,2,15.35,84.6,26.5
2026-05-13 21:00:00,ST_03,14,1,15.07,80.4,22.5
2026-05-13 22:00:00,ST_03,12,3,13.74,85.1,27.8
2026-05-13 23:00:00,ST_03,12,0,12.15,88.1,25.0
2026-05-14 00:00:00,ST_03,8,0,8.3,84.4,21.0
2026-05-14 01:00:00,ST_03,9,0,9.19,89.1,23.4
2026-05-14 02:00:00,ST_03,12,0,10.5,91.9,27.7
2026-05-14 03:00:00,ST_03,10,0,8.27,87.6,21.7
2026-05-14 04:00:00,ST_03,11,1,10.39,96.5,24.1
2026-05-14 05:00:00,ST_03,13,0,10.87,81.3,19.2
2026-05-14 06:00:00,ST_03,8,1,10.45,88.0,27.7
2026-05-14 07:00:00,ST_03,11,3,11.28,86.0,23.3
2026-05-14 08:00:00,ST_03,24,2,12.99,82.4,26.8
2026-05-14 09:00:00,ST_03,34,4,,,31.7
14/05/2026 10:00,ST_03,12,3,18.63,75.9,26.8
2026-05-14 11:00:00,ST_03,17,2,19.51,76.2,25.7
2026-05-14 12:00:00,ST_03,26,3,20.96,68.0,21.4
2026-05-14 13:00:00,ST_03,20,1,21.7,71.0,21.3
14/05/2026 14:00,ST_03,16,3,21.06,64.7,26.0
2026-05-14 15:00:00,ST_03,20,0,23.39,62.3,23.4
2026-05-14 16:00:00,ST_03,22,3,20.61,58.9,22.3
2026-05-14 17:00:00,ST_03,43,5,22.78,62.3,31.6
2026-05-14 18:00:00,ST_03,48,7,22.18,71.0,26.1
2026-05-14 19:00:00,ST_03,7,1,17.15,77.9,23.4
14/05/2026 20:00,ST_03,14,3,11.19,82.9,31.4
2026-05-14 21:00:00,ST_03,14,2,14.43,74.5,19.6
2026-05-14 22:00:00,ST_03,9,2,12.29,85.2,22.6
2026-05-14 23:00:00,ST_03,13,0,12.89,86.7,23.1
2026-05-15 00:00:00,ST_03,7,0,7.22,96.3,21.3
2026-05-15 01:00:00,ST_03,7,0,7.98,99.7,
2026-05-15 02:00:00,ST_03,6,0,6.28,89.2,25.9
2026-05-15 03:00:00,ST_03,5,1,8.53,89.0,23.2
2026-05-15 04:00:00,ST_03,14,0,9.66,93.4,24.5
2026-05-15 05:00:00,ST_03,9,0,8.55,90.6,24.2
2026-05-15 06:00:00,ST_03,10,4,11.04,82.2,27.4
15/05/2026 07:00,ST_03,13,4,10.29,92.3,29.7
2026-05-15 08:00:00,ST_03,29,6,14.41,72.1,24.4
2026-05-15 09:00:00,ST_03,30,5,16.58,81.1,25.4
2026-05-15 10:00:00,ST_03,12,2,19.22,67.5,21.1
2026-05-15 11:00:00,ST_03,12,3,22.88,68.1,23.7
2026-05-15 12:00:00,ST_03,30,4,21.02,68.5,
2026-05-15 13:00:00,ST_03,36,2,23.87,66.2,26.7
2026-05-15 14:00:00,ST_03,19,3,22.68,71.5,27.1
2026-05-15 15:00:00,ST_03,21,2,20.28,69.1,21.7
2026-05-15 16:00:00,ST_03,17,2,22.69,57.3,25.4
2026-05-15 17:00:00,ST_03,30,10,18.25,72.5,35.8
2026-05-15 18:00:00,ST_03,31,3,17.6,88.3,33.4
2026-05-15 19:00:00,ST_03,8,5,19.7,72.4,
2026-05-15 20:00:00,ST_03,15,3,13.42,78.6,33.2
2026-05-15 21:00:00,ST_03,11,4,11.22,82.8,29.0
2026-05-15 22:00:00,ST_03,17,8,11.91,83.8,39.1
2026-05-15 23:00:00,ST_03,10,0,8.12,84.5,24.7
